{"cameraMode":{"drawMode":0,"name":"Shaded","section":"Shading Mode"},"sceneLighting":true,"audioPlay":false,"sceneViewState":{"showFog":true,"showMaterialUpdate":false,"showSkybox":true,"showFlares":true,"showImageEffects":true,"showParticleSystems":true},"in2DMode":false,"pivot":{"x":0.7364611625671387,"y":1.0008230209350587,"z":0.8925895690917969},"rotation":{"x":-0.14825929701328278,"y":0.005040813237428665,"z":-0.0007555175689049065,"w":-0.9889362454414368},"size":3.507845878601074,"orthographic":false}