{"cameraMode":{"drawMode":0,"name":"Shaded","section":"Shading Mode"},"sceneLighting":true,"audioPlay":false,"sceneViewState":{"showFog":true,"showMaterialUpdate":false,"showSkybox":true,"showFlares":true,"showImageEffects":true,"showParticleSystems":true},"in2DMode":false,"pivot":{"x":-0.035172224044799808,"y":2.285895586013794,"z":2.0692315101623537},"rotation":{"x":-0.06807327270507813,"y":-0.40828531980514529,"z":-0.030571622774004937,"w":0.9098179340362549},"size":3.1789910793304445,"orthographic":false}