{"cameraMode":{"drawMode":0,"name":"Shaded","section":"Shading Mode"},"sceneLighting":true,"audioPlay":false,"sceneViewState":{"showFog":true,"showMaterialUpdate":false,"showSkybox":true,"showFlares":true,"showImageEffects":true,"showParticleSystems":true},"in2DMode":false,"pivot":{"x":-0.1611921340227127,"y":1.1656858921051026,"z":0.5255035161972046},"rotation":{"x":0.03305971622467041,"y":-0.12294697761535645,"z":0.004024664871394634,"w":0.9918862581253052},"size":0.8497475981712341,"orthographic":false}