{"cameraMode":{"drawMode":0,"name":"Shaded","section":"Shading Mode"},"sceneLighting":true,"audioPlay":false,"sceneViewState":{"showFog":true,"showMaterialUpdate":false,"showSkybox":true,"showFlares":true,"showImageEffects":true,"showParticleSystems":true},"in2DMode":false,"pivot":{"x":-2.1232545375823976,"y":1.415952444076538,"z":-0.2857527732849121},"rotation":{"x":0.1034749299287796,"y":-0.3280468285083771,"z":0.03610125556588173,"w":0.9383171796798706},"size":1.7497475147247315,"orthographic":false}