{"cameraMode":{"drawMode":0,"name":"Shaded","section":"Shading Mode"},"sceneLighting":true,"audioPlay":false,"sceneViewState":{"showFog":true,"showMaterialUpdate":false,"showSkybox":true,"showFlares":true,"showImageEffects":true,"showParticleSystems":true},"in2DMode":false,"pivot":{"x":17.836942672729493,"y":0.44700002670288088,"z":35.24800109863281},"rotation":{"x":-0.21686670184135438,"y":0.2576432526111603,"z":-0.05945904552936554,"w":-0.939709484577179},"size":1.4660253524780274,"orthographic":false}